id,name,model_id:id,group_id:id,perm_read,perm_write,perm_create,perm_unlink
access_hr_applicant_resume_line_interviewer,hr.applicant.resume.line.interviewer,model_hr_applicant_resume_line,hr_recruitment.group_hr_recruitment_interviewer,1,1,1,1
access_hr_applicant_resume_line_user,hr.applicant.resume.line.user,model_hr_applicant_resume_line,hr_recruitment.group_hr_recruitment_user,1,1,1,1
access_hr_applicant_resume_line_manager,hr.applicant.resume.line.manager,model_hr_applicant_resume_line,hr_recruitment.group_hr_recruitment_manager,1,1,1,1
access_hr_job_board_recruitment_user,hr.job.board.recruitment.user,model_hr_job_board,hr_recruitment.group_hr_recruitment_user,1,1,1,1
access_hr_job_board_recruitment_manager,hr.job.board.recruitment.manager,model_hr_job_board,hr_recruitment.group_hr_recruitment_manager,1,1,1,1
access_hr_recruitment_vendor_user,hr.recruitment.vendor.user,model_hr_recruitment_vendor,hr_recruitment.group_hr_recruitment_user,1,1,1,1
access_hr_recruitment_vendor_manager,hr.recruitment.vendor.manager,model_hr_recruitment_vendor,hr_recruitment.group_hr_recruitment_manager,1,1,1,1
access_hr_recruitment_vendor_portal,hr.recruitment.vendor.portal,model_hr_recruitment_vendor,base.group_portal,1,1,0,0
access_hr_job_vendor_tracker_link_user,hr.job.vendor.tracker.link.user,model_hr_job_vendor_tracker_link,hr_recruitment.group_hr_recruitment_user,1,1,1,1
access_hr_job_vendor_tracker_link_manager,hr.job.vendor.tracker.link.manager,model_hr_job_vendor_tracker_link,hr_recruitment.group_hr_recruitment_manager,1,1,1,1
access_hr_job_version_history_user,hr.job.version.history.user,model_hr_job_version_history,hr_recruitment.group_hr_recruitment_user,1,1,1,0
access_hr_job_version_history_manager,hr.job.version.history.manager,model_hr_job_version_history,hr_recruitment.group_hr_recruitment_manager,1,1,1,1
access_hr_job_version_history_hiring_manager,hr.job.version.history.hiring_manager,model_hr_job_version_history,kavi_hr_job_custom.group_hr_recruitment_hiring_manager,1,1,1,0
access_hr_applicant_version_history_user,hr.applicant.version.history.user,model_hr_applicant_version_history,hr_recruitment.group_hr_recruitment_user,1,0,1,0
access_hr_applicant_version_history_manager,hr.applicant.version.history.manager,model_hr_applicant_version_history,hr_recruitment.group_hr_recruitment_manager,1,1,1,1
access_hr_applicant_version_history_hiring_manager,hr.applicant.version.history.hiring_manager,model_hr_applicant_version_history,kavi_hr_job_custom.group_hr_recruitment_hiring_manager,1,0,1,0
access_hr_job_tracked_field_user,hr.job.tracked.field.user,model_hr_job_tracked_field,hr_recruitment.group_hr_recruitment_user,1,0,0,0
access_hr_job_tracked_field_manager,hr.job.tracked.field.manager,model_hr_job_tracked_field,hr_recruitment.group_hr_recruitment_manager,1,1,1,1
access_hr_job_version_history_wizard_user,hr.job.version.history.wizard.user,model_hr_job_version_history_wizard,hr_recruitment.group_hr_recruitment_user,1,1,1,1
access_hr_job_version_history_wizard_manager,hr.job.version.history.wizard.manager,model_hr_job_version_history_wizard,hr_recruitment.group_hr_recruitment_manager,1,1,1,1
access_hr_job_version_history_wizard_hiring_manager,hr.job.version.history.wizard.hiring_manager,model_hr_job_version_history_wizard,kavi_hr_job_custom.group_hr_recruitment_hiring_manager,1,1,1,1
access_hr_applicant_version_history_wizard_user,hr.applicant.version.history.wizard.user,model_hr_applicant_version_history_wizard,hr_recruitment.group_hr_recruitment_user,1,1,1,1
access_hr_applicant_version_history_wizard_manager,hr.applicant.version.history.wizard.manager,model_hr_applicant_version_history_wizard,hr_recruitment.group_hr_recruitment_manager,1,1,1,1
access_hr_applicant_version_history_wizard_hiring_manager,hr.applicant.version.history.wizard.hiring_manager,model_hr_applicant_version_history_wizard,kavi_hr_job_custom.group_hr_recruitment_hiring_manager,1,1,1,1
access_hr_job_board_account_user,hr.job.board.account.user,model_hr_job_board_account,hr_recruitment.group_hr_recruitment_user,1,1,1,1
access_hr_job_board_account_manager,hr.job.board.account.manager,model_hr_job_board_account,hr_recruitment.group_hr_recruitment_manager,1,1,1,1
access_hr_job_portal_vendor,hr.job.portal.vendor,hr_recruitment.model_hr_job,base.group_portal,1,0,0,0
access_hr_job_vendor_tracker_link_portal,hr.job.vendor.tracker.link.portal,model_hr_job_vendor_tracker_link,base.group_portal,1,0,0,0
